<?xml version="1.0" encoding="utf-8"?>
<eNode>
	<eNodeType>PhotoVoltaic</eNodeType>
	<Mode>autonomous</Mode>
	<GeneralInformation>
		<XMS_ID>PV</XMS_ID>
   </GeneralInformation>
   <Schedule>
   </Schedule>
   <Model>      
         <tilt>30</tilt> 
         <SO>-20</SO>
         <insPwPV>16500</insPwPV>
         <TempPcoeffPV>-0.4</TempPcoeffPV>
         <NOCT>47</NOCT>
         <Kl>0.95</Kl>
         <Albedo>0.25</Albedo>
         <nPW>15000</nPW> 
         <Ploss_off>0</Ploss_off>
         <Ploss_on>15</Ploss_on>
         <Eff_hl>97</Eff_hl>
         <Eff_fl>96</Eff_fl>
         <MinPVPW_On>150</MinPVPW_On>
         <MinPVPW_av> 100</MinPVPW_av>
   </Model>
   <OptimizationParameters>
		<SampleTime>15*60</SampleTime>
		<horizon>24*60*60</horizon>
        <beta>0.9</beta>
        <PriceCutoff>0.5</PriceCutoff>
        <Incentivemin>-0.1</Incentivemin>
        <Incentivemax>1</Incentivemax>
   </OptimizationParameters>
</eNode>

