<?xml version="1.0" encoding="utf-8"?>
<eNode>
	<eNodeType>WindTurbine</eNodeType>
	<Mode>autonomous</Mode>
	<GeneralInformation>
		<XMS_ID>WindTurbine</XMS_ID>
   </GeneralInformation>
   <Schedule>
   </Schedule>
   <Model>
		 <Vcuton>3</Vcuton>
		 <Vcutoff>18</Vcutoff>
         <PowerCurve>[3   4   6 7.5  9.5   11   14   16   18;0 140 470 780 1450 1860 2200 2280 2300]</PowerCurve>
         <nPW>5000</nPW>
         <MaxPW>5000</MaxPW>
         <Ploss_off>0</Ploss_off>
         <Ploss_on>7</Ploss_on>
         <Eff_hl>97</Eff_hl>
         <Eff_fl>96</Eff_fl>
         <MinWindPW_On>42</MinWindPW_On>
         <MinWindPW_av>35</MinWindPW_av>
   </Model>
   <OptimizationParameters>
        <beta>0.85</beta>
        <PriceCutoff>0.9</PriceCutoff>
        <Incentivemin>0</Incentivemin>
        <Incentivemax>1</Incentivemax>
   </OptimizationParameters>
</eNode>

