<?xml version="1.0" encoding="utf-8"?>
<eNode>
	<eNodeType>Diesel</eNodeType>
	<Mode>autonomous</Mode>
	<GeneralInformation>
		<XMS_ID>Diesel_001</XMS_ID>
   </GeneralInformation>
   <Schedule>
   </Schedule>
   
   <Model>
        <fuelTank>500</fuelTank>
        <fuelLvl> 500</fuelLvl>
        <fuelConsumption> [0 14]</fuelConsumption>
        <realPower> 0</realPower>
        <PowerCurve>[0 5000]</PowerCurve>
        <overload> </overload>
   </Model>
  
   <OptimParams>
        <beta>0.85</beta>
        <PriceCutoff>0.9</PriceCutoff>
        <Incentivemin>0</Incentivemin>
        <Incentivemax>1</Incentivemax>
        <SampleTime>0.25</SampleTime>
   </OptimParams>
</eNode>

