<?xml version="1.0" encoding="utf-8"?>
<eNode>
	<eNodeType>Hydro</eNodeType>
	<Mode>autonomous</Mode>
	<GeneralInformation>
		<XMS_ID>Hydro_001</XMS_ID>
   </GeneralInformation>
   <Schedule>
   </Schedule>
   
   <Model>
       <waterTank> 500000</waterTank>
        <waterLvl> 500000</waterLvl>
        <waterConsumption> [0 180]</waterConsumption>
        <realPower> 0 </realPower>
        <euroWater> 0.12 </euroWater>
        
        <PowerCurve>[0 6000]</PowerCurve>
        
        <overload> </overload>
        <euroWater2> 0.00000025 </euroWater2>
        
        <Height>10</Height>
        <Efficiency>0.9</Efficiency>
   </Model>
  
   <OptimParams>
        <beta>0.85</beta>
        <PriceCutoff>0.9</PriceCutoff>
        <Incentivemin>0</Incentivemin>
        <Incentivemax>1</Incentivemax>
        <SampleTime>0.25</SampleTime>
        <stableNetCurve>[47 47.5 48  48.5   49 49.5  50   50.5   51   51.5   52 52.5 53 ; 3100 2700 2600 2300 2280 2200 1860 1450 780 470 140 70 0]</stableNetCurve>
   </OptimParams>
</eNode>

